Env,fx,fy,fz
0.0,0.13612725,0.0,1.2217722
