Env,fx,fy,fz
0.0,-3.236346e-08,0.002102035,7.072231e-09
